<?xml version="1.0" encoding="UTF-8"?> 
<beans xmlns="http://www.springframework.org/schema/beans"
  xmlns:xsi="http://www.w3.org/2001/XMLSchema-instance"
  xsi:schemaLocation="http://www.springframework.org/schema/beans 
  http://www.springframework.org/schema/beans/spring-beans-2.0.xsd">
  
    <bean id="dataSource" 
          class="org.springframework.jdbc.datasource.DriverManagerDataSource"
          destroy-method="close">  
        <property name="driverClassName" 
                  value="com.mysql.jdbc.Driver"/> 
        <property name="url"
                  value="jdbc:mysql://localhost:3306/demo"/>
        <property name="username" value="root"/> 
        <property name="password" value="123456"/> 
    </bean> 
    
    <bean id="transactionManager" 
          class="org.springframework.jdbc.datasource.DataSourceTransactionManager"> 
        <property name="dataSource" ref="dataSource"/> 
    </bean> 
    
    <bean id="userDAO" 
          class="onlyfun.caterpillar.UserDAO">
        <property name="dataSource" ref="dataSource"/>
    </bean>
    
    <bean id="userDAOProxy" 
          class="org.springframework.transaction.interceptor.TransactionProxyFactoryBean"> 
        <property name="proxyInterfaces"> 
            <list>
                <value>onlyfun.caterpillar.IUserDAO</value>
            </list>
        </property> 
        <property name="target" ref="userDAO"/> 
        <property name="transactionManager" ref="transactionManager"/> 
        <property name="transactionAttributes"> 
            <props> 
                <prop key="insert*">PROPAGATION_REQUIRED</prop> 
            </props> 
        </property>        
    </bean>    

</beans>