<?xml version="1.0" encoding="utf-8"?> 
<!DOCTYPE hibernate-configuration PUBLIC
	"-//Hibernate/Hibernate Configuration DTD 3.0//EN"
	"http://hibernate.sourceforge.net/hibernate-configuration-3.0.dtd">
	
<hibernate-configuration> 
    <session-factory> 
        <property name="show_sql">
            true
        </property> 

        <property name="dialect">
            org.hibernate.dialect.MySQLDialect
        </property> 

        <property name="connection.driver_class">
            com.mysql.jdbc.Driver
        </property> 

        <property name="connection.url">
            jdbc:mysql://localhost/demo
        </property> 

        <property name="connection.username">
            root
        </property> 

        <property name="connection.password">
            123456
        </property> 

        <!-- 以下設置物件與資料庫表格映射文件 --> 
        <mapping resource="onlyfun/caterpillar/User.hbm.xml"/> 
    </session-factory> 
</hibernate-configuration>