<?xml version="1.0" encoding="UTF-8"?> 
<beans xmlns="http://www.springframework.org/schema/beans"
  xmlns:xsi="http://www.w3.org/2001/XMLSchema-instance"
  xsi:schemaLocation="http://www.springframework.org/schema/beans 
  http://www.springframework.org/schema/beans/spring-beans-2.0.xsd">
  
    <bean id="some" 
          class="onlyfun.caterpillar.Some"/> 

    <bean id="lockIntroduction" 
          class="onlyfun.caterpillar.LockIntroduction"/> 
          
    <bean id="lockAdvisor" 
       class="org.springframework.aop.support.DefaultIntroductionAdvisor"> 
          <constructor-arg ref="lockIntroduction"/>
          <constructor-arg value="onlyfun.caterpillar.ILockable"/>
    </bean>
   
    <bean id="proxyFactoryBean" 
          class="org.springframework.aop.framework.ProxyFactoryBean"> 
        <property name="proxyInterfaces" 
                  value="onlyfun.caterpillar.ISome"/> 
        <property name="target" ref="some"/> 
        <property name="interceptorNames"> 
            <list> 
                <value>lockAdvisor</value> 
            </list> 
        </property> 
    </bean> 
    
</beans>
