<?xml version="1.0" encoding="UTF-8"?> 
<beans xmlns="http://www.springframework.org/schema/beans"
  xmlns:xsi="http://www.w3.org/2001/XMLSchema-instance"
  xsi:schemaLocation="http://www.springframework.org/schema/beans 
  http://www.springframework.org/schema/beans/spring-beans-2.0.xsd">

    <bean id="urlMapping" 
          class="org.springframework.web.servlet.handler.SimpleUrlHandlerMapping"> 
        <property name="mappings"> 
            <props>
                <prop key="/book.do">bookController</prop> 
            </props> 
        </property> 
    </bean> 
  
    <bean id="viewResolver"
          class="org.springframework.web.servlet.view.InternalResourceViewResolver"> 
        <property name="prefix" value="/WEB-INF/jsp/"/>
        <property name="suffix" value=".jsp"/>
    </bean>
    
    <bean id="paraMethodResolver" 
          class="org.springframework.web.servlet.mvc.multiaction.ParameterMethodNameResolver"> 
        <property name="paramName" value="action"/>
        <property name="defaultMethodName" value="list"/>
    </bean> 
        
    <bean id="bookController" 
          class="onlyfun.caterpillar.BookController"> 
        <property name="methodNameResolver" ref="paraMethodResolver"/> 
        <property name="testPage" value="test"/>
    </bean> 

</beans>
