<?xml version="1.0" encoding="UTF-8"?> 
<beans xmlns="http://www.springframework.org/schema/beans"
  xmlns:xsi="http://www.w3.org/2001/XMLSchema-instance"
  xsi:schemaLocation="http://www.springframework.org/schema/beans 
  http://www.springframework.org/schema/beans/spring-beans-2.0.xsd">
  
    <bean id="someData" class="onlyfun.caterpillar.JobData"/>

    <bean id="someJob" 
          class="onlyfun.caterpillar.DemoJob">          
        <property name="jobData" ref="someData"/>
    </bean>

    <bean id="jobDetailBean" 
          class="org.springframework.scheduling.quartz.MethodInvokingJobDetailFactoryBean">
        <property name="targetObject" ref="someJob"/>
        <property name="targetMethod" value="execute"/>
    </bean>

    <bean id="cronTriggerBean" 
          class="org.springframework.scheduling.quartz.CronTriggerBean">
        <property name="jobDetail" ref="jobDetailBean"/>
        <property name="cronExpression" value="0 30 18 * * ?"/>
    </bean>
    
    <bean id="schedulerFactoryBean" 
          class="org.springframework.scheduling.quartz.SchedulerFactoryBean">
        <property name="triggers">
            <list>
                <ref bean="cronTriggerBean"/>
            </list>
        </property>
    </bean>

</beans>