<?xml version="1.0" encoding="UTF-8"?> 
<beans xmlns="http://www.springframework.org/schema/beans"
  xmlns:xsi="http://www.w3.org/2001/XMLSchema-instance"
  xsi:schemaLocation="http://www.springframework.org/schema/beans 
  http://www.springframework.org/schema/beans/spring-beans-2.0.xsd">
    
    <bean id="inheritedSomeBean" abstract="true">
        <property name="name">
            <value>guest</value>
        </property>
        <property name="age">
            <value>18</value>
        </property>        
    </bean>

    <bean id="some" 
          class="onlyfun.caterpillar.SomeBean"
          parent="inheritedSomeBean">
        <property name="name">
            <value>Justin</value>
        </property> 
    </bean>
</beans>
