<?xml version="1.0" encoding="UTF-8"?> 
<beans xmlns="http://www.springframework.org/schema/beans"
  xmlns:xsi="http://www.w3.org/2001/XMLSchema-instance"
  xsi:schemaLocation="http://www.springframework.org/schema/beans 
  http://www.springframework.org/schema/beans/spring-beans-2.0.xsd">

    <bean id="urlMapping" 
          class="org.springframework.web.servlet.handler.SimpleUrlHandlerMapping"> 
        <property name="mappings"> 
            <props> 
                <prop key="/some.service">serviceExporter</prop> 
            </props> 
        </property> 
    </bean> 
    
    <bean id="someService" 
          class="onlyfun.caterpillar.SomeServiceImpl"/>

    <bean id="serviceExporter" 
          class="org.springframework.remoting.httpinvoker.HttpInvokerServiceExporter">
        <property name="service" ref="someService"/>
        <property name="serviceInterface" 
               value="onlyfun.caterpillar.ISomeService"/>
    </bean>

</beans>