<?xml version="1.0" encoding="UTF-8"?> 
<beans xmlns="http://www.springframework.org/schema/beans"
  xmlns:xsi="http://www.w3.org/2001/XMLSchema-instance"
  xsi:schemaLocation="http://www.springframework.org/schema/beans 
  http://www.springframework.org/schema/beans/spring-beans-2.0.xsd">

    <bean id="viewResolver"
          class="org.springframework.web.servlet.view.InternalResourceViewResolver">            
        <property name="viewClass" value="org.springframework.web.servlet.view.tiles.TilesView"/>
    </bean>
    
    <bean id="tilesConfigurer"
          class="org.springframework.web.servlet.view.tiles.TilesConfigurer">
        <property name="definitions">
           <list>
               <value>/WEB-INF/tiles-defs.xml</value>
           </list>
        </property>
    </bean>
        
    <bean name="/welcome.do"
          class="org.springframework.web.servlet.mvc.ParameterizableViewController">
        <property name="viewName" value="welcome"/>
    </bean>
    
</beans>
