<?xml version="1.0" encoding="UTF-8"?> 
<beans xmlns="http://www.springframework.org/schema/beans"
  xmlns:xsi="http://www.w3.org/2001/XMLSchema-instance"
  xsi:schemaLocation="http://www.springframework.org/schema/beans 
  http://www.springframework.org/schema/beans/spring-beans-2.0.xsd">
  
    <bean id="someData" class="onlyfun.caterpillar.JobData"/>

    <bean id="jobDetailBean" 
          class="org.springframework.scheduling.quartz.JobDetailBean">
        <property name="jobClass"
            value="onlyfun.caterpillar.DemoJob"/>
        <property name="jobDataAsMap">
            <map>
                <entry key="jobData" value-ref="someData"/>
            </map>
        </property>              
    </bean>

    <bean id="cronTriggerBean" 
          class="org.springframework.scheduling.quartz.CronTriggerBean">
        <property name="jobDetail" ref="jobDetailBean"/>
        <property name="cronExpression" value="0 0 19 * * ?"/>
    </bean>
    
    <bean id="schedulerFactoryBean" 
          class="org.springframework.scheduling.quartz.SchedulerFactoryBean">
        <property name="triggers">
            <list>
                <ref bean="cronTriggerBean"/>
            </list>
        </property>
    </bean>

</beans>