<?xml version="1.0" encoding="UTF-8"?> 
<beans xmlns="http://www.springframework.org/schema/beans"
  xmlns:xsi="http://www.w3.org/2001/XMLSchema-instance"
  xsi:schemaLocation="http://www.springframework.org/schema/beans 
  http://www.springframework.org/schema/beans/spring-beans-2.0.xsd">
  
    <bean id="dataSource"
          class="org.springframework.jdbc.datasource.DriverManagerDataSource"> 
        <property name="driverClassName" 
                  value="com.mysql.jdbc.Driver"/>
        <property name="url"
                  value="jdbc:mysql://localhost:3306/demo"/> 
        <property name="username" value="root"/> 
        <property name="password" value="123456"/> 
    </bean> 
    
    <bean id="sessionFactory"  
          class="org.springframework.orm.hibernate3.LocalSessionFactoryBean" 
          destroy-method="close"> 
        <property name="dataSource" ref="dataSource"/> 
        <property name="mappingResources"> 
            <list> 
                <value>onlyfun/caterpillar/User.hbm.xml</value> 
            </list> 
        </property> 
        <property name="hibernateProperties"> 
            <props> 
                <prop key="hibernate.dialect"> 
                    org.hibernate.dialect.MySQLDialect
                </prop> 
            </props> 
        </property> 
    </bean> 

    <bean id="userDAO" class="onlyfun.caterpillar.UserDAO"> 
        <property name="sessionFactory" ref="sessionFactory"/> 
    </bean> 
</beans>