<?xml version="1.0" encoding="utf-8"?> 
<!DOCTYPE hibernate-mapping 
    PUBLIC "-//Hibernate/Hibernate Mapping DTD 3.0//EN" 
    "http://hibernate.sourceforge.net/hibernate-mapping-3.0.dtd"> 

<hibernate-mapping> 
    <class name="onlyfun.caterpillar.model.User" 
            table="user"> 
        <id name="id" column="id"> 
            <generator class="native"/> 
        </id> 
        <property name="username" column="username"/> 
        <property name="passwd" column="passwd"/> 
        <property name="email" column="email"/> 
    </class> 
</hibernate-mapping>
