<?xml version="1.0" encoding="UTF-8"?> 
<beans xmlns="http://www.springframework.org/schema/beans"
  xmlns:xsi="http://www.w3.org/2001/XMLSchema-instance"
  xmlns:aop="http://www.springframework.org/schema/aop"
  xsi:schemaLocation="http://www.springframework.org/schema/beans 
  http://www.springframework.org/schema/beans/spring-beans-2.0.xsd
  http://www.springframework.org/schema/aop 
  http://www.springframework.org/schema/aop/spring-aop-2.0.xsd">
  
    <bean id="logAspect" 
          class="onlyfun.caterpillar.LogAspect"/> 

    <bean id="helloSpeaker" 
          class="onlyfun.caterpillar.HelloSpeaker"/> 

    <aop:config>		   
        <aop:aspect id="logging" ref="logAspect">
            <aop:pointcut id="logHello" 
              expression="execution(* onlyfun.caterpillar.IHello.*(..))"/>

    	    <aop:before pointcut-ref="logHello" method="before"/>
			
    	    <aop:after-returning 
    	          pointcut-ref="logHello" 
    	          method="afterReturning"/>
	    </aop:aspect>
    </aop:config>  

</beans>
