<?xml version="1.0" encoding="UTF-8"?> 
<beans xmlns="http://www.springframework.org/schema/beans"
  xmlns:xsi="http://www.w3.org/2001/XMLSchema-instance"
  xsi:schemaLocation="http://www.springframework.org/schema/beans 
  http://www.springframework.org/schema/beans/spring-beans-2.0.xsd">

    <bean id="loggingInterceptor" 
          class="onlyfun.caterpillar.LoggingInterceptor"/>
  
    <bean id="viewResolver"
          class="org.springframework.web.servlet.view.InternalResourceViewResolver"> 
        <property name="prefix" value="/WEB-INF/jsp/"/>
        <property name="suffix" value=".jsp"/>
    </bean>
    
    <bean id="urlHandlerMapping"
          class="org.springframework.web.servlet.handler.SimpleUrlHandlerMapping">
        <property name="interceptors">
            <list>
                <ref bean="loggingInterceptor"/>
            </list>
        </property>
        <property name="mappings">
            <props>
                <prop key="/hello.do">helloController</prop>
            </props>
        </property>
    </bean>
    
    <bean id="helloController" 
          class="onlyfun.caterpillar.HelloController"> 
        <property name="viewPage" value="hello"/> 
    </bean>

</beans>
