<?xml version="1.0" encoding="UTF-8"?> 
<beans xmlns="http://www.springframework.org/schema/beans"
  xmlns:xsi="http://www.w3.org/2001/XMLSchema-instance"
  xsi:schemaLocation="http://www.springframework.org/schema/beans 
  http://www.springframework.org/schema/beans/spring-beans-2.0.xsd">
  
    <bean id="someThrowAdvice" 
          class="onlyfun.caterpillar.SomeThrowAdvice"/>
    
    <bean id="helloSpeaker" 
          class="onlyfun.caterpillar.HelloSpeaker"/> 
    
    <bean id="helloProxy" 
         class="org.springframework.aop.framework.ProxyFactoryBean"> 
        <property name="proxyInterfaces"
                  value="onlyfun.caterpillar.IHello"/>
        <property name="target" ref="helloSpeaker"/> 
        <property name="interceptorNames"> 
            <list> 
                <value>someThrowAdvice</value> 
            </list> 
        </property> 
    </bean> 

</beans>
