<?xml version="1.0" encoding="UTF-8"?> 
<beans xmlns="http://www.springframework.org/schema/beans"
  xmlns:xsi="http://www.w3.org/2001/XMLSchema-instance"
  xsi:schemaLocation="http://www.springframework.org/schema/beans 
  http://www.springframework.org/schema/beans/spring-beans-2.0.xsd">

    <bean id="viewResolver"
          class="org.springframework.web.servlet.view.InternalResourceViewResolver">    
        <property name="viewClass"
            value="org.springframework.web.servlet.view.JstlView"/>
        <property name="prefix" value="/WEB-INF/jsp/"/>
        <property name="suffix" value=".jsp"/>
    </bean>
    
    <bean name="/weekForm.do" 
          class="onlyfun.caterpillar.WeekFormController"> 
        <property name="formView" value="form"/> 
        <property name="successView" value="success"/>
    </bean>
    
</beans>