<?xml version="1.0" encoding="UTF-8"?> 
<beans xmlns="http://www.springframework.org/schema/beans"
  xmlns:xsi="http://www.w3.org/2001/XMLSchema-instance"
  xsi:schemaLocation="http://www.springframework.org/schema/beans 
  http://www.springframework.org/schema/beans/spring-beans-2.0.xsd">

    <bean id="urlMapping" 
          class="org.springframework.web.servlet.handler.SimpleUrlHandlerMapping"> 
        <property name="mappings"> 
            <props> 
                <prop key="/login.do">loginController</prop> 
            </props> 
        </property> 
    </bean> 
    
    <bean id="viewResolver" 
          class="org.springframework.web.servlet.view.InternalResourceViewResolver"> 
        <property name="prefix" value="/WEB-INF/jsp/"/> 
        <property name="suffix" value=".jsp"/> 
    </bean> 
    
    <bean id="loginController" 
          class="onlyfun.caterpillar.LoginController"> 
        <property name="successView" value="success"/> 
        <property name="formView" value="form"/> 
    </bean> 

</beans>
